-- phpMyAdmin SQL Dump
-- version 3.5.FORPSI
-- http://www.phpmyadmin.net
--
-- Počítač: 185.129.138.55
-- Vygenerováno: Úte 25. čen 2024, 17:52
-- Verze MySQL: 8.0.26-16
-- Verze PHP: 5.2.17

SET SQL_MODE="NO_AUTO_VALUE_ON_ZERO";
SET time_zone = "+00:00";


/*!40101 SET @OLD_CHARACTER_SET_CLIENT=@@CHARACTER_SET_CLIENT */;
/*!40101 SET @OLD_CHARACTER_SET_RESULTS=@@CHARACTER_SET_RESULTS */;
/*!40101 SET @OLD_COLLATION_CONNECTION=@@COLLATION_CONNECTION */;
/*!40101 SET NAMES utf8 */;

--
-- Databáze: `f172896`
--

-- --------------------------------------------------------

--
-- Struktura tabulky `ingredient`
--

CREATE TABLE IF NOT EXISTS `ingredient` (
  `id` mediumint unsigned NOT NULL AUTO_INCREMENT,
  `name` varchar(100) CHARACTER SET utf8mb4 COLLATE utf8mb4_general_ci NOT NULL,
  PRIMARY KEY (`id`)
) ENGINE=InnoDB  DEFAULT CHARSET=utf8mb4 COLLATE=utf8mb4_general_ci AUTO_INCREMENT=221 ;

--
-- Vypisuji data pro tabulku `ingredient`
--

INSERT INTO `ingredient` (`id`, `name`) VALUES
(1, 'water'),
(2, 'Earl Grey'),
(3, 'sugar'),
(4, 'milk'),
(5, 'Ingredient 1'),
(6, 'onion'),
(7, 'lemon juice'),
(8, 'fish fillet'),
(9, 'cabbage'),
(10, 'ketchup'),
(12, 'ground sweet pepper'),
(14, 'cream'),
(15, 'breadcrumbs'),
(16, 'salt'),
(18, 'lasagna noodle'),
(19, 'ground beef'),
(20, 'garlic'),
(21, 'tomato sauce'),
(22, 'mozzarella cheese'),
(23, 'ricotta cheese'),
(25, 'egg'),
(26, 'basil'),
(27, 'flour'),
(28, 'butter'),
(29, 'yeast'),
(30, 'chicken'),
(31, 'vegeta'),
(32, 'kohlrabi'),
(33, 'pepper'),
(34, 'bouillon'),
(35, 'whipped cream'),
(36, 'baking powder'),
(37, 'chicory bud'),
(38, 'majolice'),
(39, 'mustard'),
(40, 'sage'),
(41, 'bacon'),
(43, 'pumpkin'),
(44, 'carrots'),
(45, 'vegetable broth'),
(46, 'ground cinnamon'),
(47, 'nutmeg'),
(48, 'pumpkin seeds'),
(49, 'pizza dough'),
(50, 'ham'),
(51, 'lemon'),
(52, 'mint leaves'),
(53, 'ice cubes'),
(54, 'chocolate'),
(55, 'vanilla extract'),
(56, 'all-purpose flour'),
(57, 'powdered sugar'),
(58, 'bread slices'),
(59, 'avocado'),
(60, 'tomatoes'),
(61, 'smoked salmon'),
(62, 'cheese'),
(63, 'olive oil'),
(65, 'canned tomatoes'),
(66, 'heavy cream'),
(67, 'fresh basil leaves'),
(68, 'banana'),
(69, 'chicken carcass'),
(70, 'carrot'),
(71, 'celery'),
(72, 'parsley'),
(73, 'oats'),
(74, 'honey'),
(75, 'pasta'),
(76, 'shrimp'),
(77, 'white wine'),
(78, 'red pepper flakes'),
(79, 'spaghetti'),
(80, 'parmesan'),
(81, 'bread'),
(82, 'lettuce leave'),
(83, 'sault'),
(84, 'toast'),
(85, 'salmon fillets'),
(86, 'Dijon mustard'),
(87, 'soy sauce'),
(88, 'garlic clove'),
(89, 'fresh parsley'),
(90, 'dark chocolate'),
(92, 'chocolate shavings'),
(93, 'fresh berries'),
(94, 'chicken broth'),
(95, 'noodles'),
(96, 'poultry'),
(97, 'sour cream'),
(98, 'ladyfingers'),
(99, 'canned fruit'),
(100, 'potato'),
(101, 'marjoran'),
(102, 'oil'),
(104, 'egg yolk'),
(106, 'salami'),
(107, 'fresh tomatoes'),
(108, 'extra virgin olive oil'),
(109, 'balsamic glaze'),
(111, 'tomato paste'),
(112, 'dried oregano'),
(113, 'diced tomato'),
(114, 'italian seasoning'),
(115, 'mint leaf'),
(126, 'corn starch'),
(127, 'beef'),
(128, 'bay leaf'),
(130, 'beetroot'),
(131, 'tomato'),
(132, 'white cabbage'),
(133, 'red wine vinegar'),
(134, 'mayonaise'),
(135, 'pancetta'),
(136, 'nori'),
(137, 'salmon'),
(138, 'rice'),
(139, 'wasabi'),
(140, 'soysauce'),
(141, 'orange'),
(142, 'salad'),
(143, 'bones'),
(144, 'Masox'),
(145, 'chive'),
(146, 'dumplings'),
(147, 'crushed sponge biscuits'),
(148, 'icing sugar'),
(149, 'cocoa'),
(150, 'rum'),
(152, 'cinnamon'),
(153, 'star anyse'),
(154, 'vanilla sugar'),
(155, 'sponge biscuit'),
(156, 'white cabbage'),
(157, 'spring onions'),
(158, 'mayonnaise'),
(159, 'vinegar'),
(161, 'elbow pasta'),
(162, 'veggie spice'),
(163, 'plain wheat flour'),
(164, 'fruit'),
(165, 'maple syrup'),
(166, 'plain flour'),
(167, 'vegetable oil'),
(168, 'chili flake'),
(169, 'vegetable stock'),
(170, 'pumpkin seed'),
(171, 'chicken breast'),
(172, 'vegetable'),
(173, 'seasonal vegetable'),
(174, 'tofu'),
(175, 'spinach'),
(176, 'turmeric'),
(178, 'beef strip'),
(179, 'mushroom'),
(180, 'beef broth'),
(182, 'egg noodle'),
(184, 'fresh parsley'),
(185, 'chocolate cookies'),
(186, 'raspberries'),
(187, 'linguine pasta'),
(189, 'heavy_cream'),
(190, 'lemons'),
(191, 'whole-grain bread'),
(192, 'cherry tomatoes'),
(193, 'chicken breasts'),
(194, 'fresh herbs (rosemary, thyme)'),
(196, 'raspberry'),
(197, 'currant'),
(198, 'fresh mint'),
(199, 'strawberry'),
(200, 'Minced meat'),
(201, 'curry'),
(202, 'pomagranate'),
(203, 'lettuce'),
(204, 'feta cheese'),
(205, 'chili pepper'),
(206, 'thyme'),
(207, 'mascarpone'),
(208, 'amaretto'),
(209, 'sponge cake'),
(210, 'dark cocoa'),
(211, 'rasberry jam'),
(212, 'rasberry'),
(213, 'lime'),
(214, 'coffe espresso'),
(215, 'liqueur amaretto'),
(216, 'mascarpone cheese'),
(217, 'sweet pepper'),
(218, 'mozzarella'),
(219, 'basil leaves'),
(220, 'berries');

-- --------------------------------------------------------

--
-- Struktura tabulky `recipe`
--

CREATE TABLE IF NOT EXISTS `recipe` (
  `id` smallint unsigned NOT NULL AUTO_INCREMENT,
  `name` varchar(100) CHARACTER SET utf8mb4 COLLATE utf8mb4_general_ci NOT NULL,
  `difficulty` tinyint unsigned NOT NULL DEFAULT '1' COMMENT 'json list',
  `duration` smallint unsigned NOT NULL DEFAULT '60' COMMENT 'minutes',
  `price` tinyint NOT NULL DEFAULT '1' COMMENT 'json list',
  `description` text CHARACTER SET utf8mb4 COLLATE utf8mb4_general_ci,
  `country` char(2) CHARACTER SET utf8mb4 COLLATE utf8mb4_general_ci DEFAULT NULL COMMENT 'ISO 3166 alpha-2',
  `dttm` datetime NOT NULL DEFAULT CURRENT_TIMESTAMP,
  `author` varchar(50) CHARACTER SET utf8mb4 COLLATE utf8mb4_general_ci NOT NULL,
  PRIMARY KEY (`id`)
) ENGINE=InnoDB  DEFAULT CHARSET=utf8mb4 COLLATE=utf8mb4_general_ci AUTO_INCREMENT=110 ;

--
-- Vypisuji data pro tabulku `recipe`
--

INSERT INTO `recipe` (`id`, `name`, `difficulty`, `duration`, `price`, `description`, `country`, `dttm`, `author`) VALUES
(8, 'Earl Grey Tea', 1, 5, 1, 'We will prepare a cup for tea. Bring 250 ml of water to a boil. Place the tea bag in a cup and pour hot water over it. Leave to infuse for 3 minutes. Take out the bag and serve to drink. The tea can be sweetened with sugar or softened with milk according to taste.', 'uk', '2024-02-08 14:12:34', 'Test User'),
(9, 'Lasagna', 2, 120, 2, 'How to make lasagna step by step. Step 1: Preparing the Ingredients - Bring lasagna noodles, ground beef, onion, garlic, tomato sauce, mozzarella cheese, ricotta cheese, parmesan cheese, egg, and basil. Step 2: Cooking the Meat Sauce - In a skillet, cook the ground beef, onion, and garlic until browned. Add tomato sauce and simmer. Step 3: Preparing the Cheese Mixture - In a bowl, mix ricotta cheese, parmesan cheese, egg, and basil. Step 4: Assembling the Lasagna - Layer lasagna noodles, meat sauce, and cheese mixture in a baking dish. Step 5: Baking the Lasagna - Cover the baking dish with foil and bake in the oven. Step 6: Serving - Let the lasagna cool slightly before serving. Enjoy your homemade lasagna!', 'it', '2024-02-09 08:53:07', 'Lipert Adam Pavel'),
(10, 'Pancakes', 1, 30, 1, 'We take 0.2 l of milk and mix it with a 15 ml (a spoon) of sugar and yeast. Let the yeast rise and pour it over to a bowl. Then mix it with butter, eggs, sugar, salt, flour and milk. Work it into a thin dough. Leave it in a bowl covered with a towel until it rises to a double size. Then pour some of the dough onto a greased pan to make a 1 cm high pancake. Fry the pancake from both sides.', 'gr', '2024-02-10 18:56:27', 'Střílek Radislav'),
(11, 'Chicken soup', 1, 100, 2, 'We will put a half of a washed chicken, 2 halves of an peeled onion and vegeta into cold water. Brew it for 90 minutes. Take out the meat. Strain the soup. Remove the bone from the meat. Cut the meat into small pieces and put it back into the soup. You can add soup inserts like noodles.', 'cn', '2024-02-10 18:56:56', 'Střílek Radislav'),
(12, 'Steamed kohrabi', 1, 30, 1, 'We cut peeled kolhrabi into strips and fry them a little on 50 g butter. Water them slighty, add bouillon and a little salt and pepper. Stew it under a lid for about 20 minutes. Steamed kohlrabi are served with cooked potatoes or dumplings.', 'de', '2024-02-10 18:57:32', 'Střílek Radislav'),
(13, 'Quick cake', 2, 50, 1, 'We wipe a bowl with eggs and suger. Mix cream, flour and baking powder. Pour the dough into the bowl. Bake in a hot oven.', 'de', '2024-02-10 18:57:59', 'Střílek Radislav'),
(14, 'Chicory salad', 1, 15, 1, 'We cut washed chicory buds to strips and mix them with majolice, mustard, salt, pepper and sugar. It is served chilled and with fresh pasty.', 'eg', '2024-02-10 18:58:23', 'Brož Matyáš'),
(15, 'Cabbage rolls with fish filling', 2, 80, 2, 'Boil the washed cabbage leaves (8 pieces) in salted water for 3 minutes, and let them drain. Cut the washed portions of the fillet, sprinkle with lemon juice and let it rest for 30 minutes. Then finely grind the fillet. Fry the finely chopped onion in half of the butter, add it to the fillet together with the egg, pepper and chopped sage. Mix everything and thicken with a little breadcrumbs. We divide the filling into cabbage leaves, roll them up and fasten them with needles. Heat the remaining butter, add the rolls, cover with hot water and simmer in a heated oven for about 50 minutes. Finally, pour ketchup mixed with cream to the rolls and heat. Served with rice or boiled potatoes.', 'cz', '2024-02-11 13:47:40', 'Kováč Ondřej'),
(16, 'Scrambled Eggs with Bacon', 2, 15, 2, 'A hearty and delicious breakfast option. Cook bacon until crispy, then crumble it. Whisk eggs and season with salt and pepper. Scramble the eggs in a pan with melted butter. Add the crumbled bacon and cook until eggs are fluffy. Serve hot with toast or your favorite breakfast sides.', 'cz', '2024-02-11 19:44:22', 'Kováč Ondřej'),
(17, 'Pumpkin Soup', 3, 40, 3, 'A velvety and comforting soup perfect for autumn. Roast pumpkin until tender. In a pot, sauté onions, garlic, and carrots. Add the roasted pumpkin, vegetable broth, and spices. Simmer until vegetables are soft. Blend the soup until smooth. Garnish with a dollop of cream and roasted pumpkin seeds.', 'fr', '2024-02-11 19:53:25', 'Kováč Ondřej'),
(18, 'Ham Pizza', 3, 30, 3, 'A classic pizza with savory ham and gooey cheese. Roll out pizza dough and spread tomato sauce. Top with shredded mozzarella, sliced ham, and your favorite toppings. Bake until the crust is golden and the cheese is bubbly. Slice and serve for a satisfying main course.', 'it', '2024-02-11 19:55:18', 'Kováč Ondřej'),
(19, 'Minty Lemonade', 2, 10, 2, 'Prepare a refreshing minty lemonade. Start by boiling 500 ml of water. Meanwhile, squeeze the juice of 4 lemons. In a pitcher, combine the lemon juice with 100g of sugar, stirring until dissolved. Once the water is boiling, pour it into the pitcher and stir until the sugar is completely dissolved. Add a handful of fresh mint leaves to the pitcher and let the mixture steep for 5 minutes. Remove the mint leaves, add ice cubes, and serve chilled. Optionally, you can garnish each glass with a slice of lemon or a sprig of mint.', 'cz', '2024-02-11 19:56:13', 'Král Pavel'),
(20, 'Chocolate Lava Cake', 3, 20, 3, 'A decadent dessert with a gooey chocolate center. Melt butter and chocolate together. In a separate bowl, whisk eggs, sugar, and vanilla. Combine the chocolate mixture with the egg mixture. Add flour and salt, mix until smooth. Pour the batter into ramekins and bake until the edges are set but the center is still soft. Serve warm with a dusting of powdered sugar.', 'it', '2024-02-11 19:57:14', 'Brož Matyáš'),
(21, 'Toasts', 1, 10, 1, 'A quick and customizable dinner option. Toast slices of your favorite bread until golden. Top with a variety of spreads and toppings such as avocado, hummus, sliced tomatoes, smoked salmon, or cheese. Get creative and enjoy a delightful and easy dinner.', 'gb', '2024-02-11 19:58:27', 'Kováč Ondřej'),
(22, 'Creamy Tomato Basil Soup', 2, 30, 3, 'Indulge in a comforting bowl of creamy tomato basil soup. Begin by heating 2 tablespoons of olive oil in a large pot over medium heat. Add 1 diced onion and 2 minced garlic cloves, cooking until softened. Pour in 800g of canned tomatoes and 500ml of vegetable broth. Bring the mixture to a simmer and let it cook for 20 minutes. Stir in 100ml of heavy cream and a handful of fresh basil leaves. Use an immersion blender to puree the soup until smooth. Season with salt and pepper to taste. Serve hot, garnished with additional basil leaves and a drizzle of olive oil if desired.', 'it', '2024-02-11 20:02:36', 'Král Pavel'),
(23, 'crepes', 1, 30, 1, 'In a blender, combine all-purpose flour, milk, eggs and salt until smooth. Let the batter rest for at least 10 minutes Heat a crepe pan over medium heat. Lightly grease with butter. Pour a small amount of batter into the center of the pan, swirling it to spread thinly and evenly. Cook for about 1-2 minutes until the edges start to lift and the bottom is golden brown. Flip and cook the other side briefly. Repeat with the remaining batter, stacking cooked crepes on a plate. Fill crepes with your favorite sweet or savory toppings, fold or roll, and serve warm.', 'fr', '2024-02-11 20:05:02', 'Pokorák David'),
(24, 'chicken broth', 2, 130, 1, 'Add the chicken carcass and water in a large pot. Slowly bring to boil. Meanwhile peel carrot, parsley and celery.When boiling and peeled vegetables and salt. Simmer for 2 hours. After that strain the broth through a fine mesh sieve or cheesecloth into a clean pot. And eat.', 'fr', '2024-02-11 20:06:27', 'Pokorák David'),
(25, 'oatmeal breakfast', 1, 10, 1, 'Put milk into a pot. Cook over medium heat until it has nearly boiling temperature. After that put oats into pot. With constant stirring cook for 4 minutes. Let rest until it room temperature. Finally you can top it with sliced banana and spoon of honey.', 'gr', '2024-02-11 20:07:23', 'Pokorák David'),
(26, 'Garlic Butter Shrimp Pasta', 3, 30, 2, 'Indulge in a delicious garlic butter shrimp pasta. Begin by cooking 250g of pasta according to package instructions until al dente. While the pasta is cooking, melt 2 tablespoons of butter in a large skillet over medium heat. Add 3 minced garlic cloves and sauté until fragrant. Stir in 300g of peeled and deveined shrimp, cooking until they turn pink, about 2-3 minutes per side. Remove the shrimp from the skillet and set aside. In the same skillet, add 100ml of white wine and let it simmer for 2 minutes. Add the cooked pasta to the skillet along with the shrimp. Toss everything together until well coated. Season with salt, pepper, and red pepper flakes to taste. Serve hot, garnished with chopped parsley and grated Parmesan cheese.', 'it', '2024-02-11 20:07:57', 'Král Pavel'),
(27, 'carbonara', 1, 20, 2, 'Cook the spaghetti in a large pot of boiling salted water. In a bowl, whisk together eggs, grated Parmesan cheese and a pinch of salt. Heat pan over high heat. Add diced bacon and cook until crispy. Add the drained spaghetti to the pan with bacon and add mixture of eggs and parmesan. Toss vigorously to create a creamy sauce. Serve immediately, garnished with additional Parmesan.', 'it', '2024-02-11 20:08:24', 'Brož Matyáš'),
(28, 'cheese and ham sandwich', 1, 5, 1, 'Spread a thin layer of softened butter on one side of each bread slice. Place ham slices and cheese slices on the buttered side of the bread slice optionally add lettuce leaves.Press the sandwiches gently and cut them in half.', 'uk', '2024-02-11 20:10:27', 'Brož Matyáš'),
(29, 'Scrambled Eggs', 1, 20, 1, 'In a bowl, whisk eggs with salt and pepper. Melt butter in the same pan and add the whisked eggs. Stir continuously until the eggs are softly set.Serve the scrambled eggs and toast.', 'it', '2024-02-11 20:10:59', 'Fárek Matěj'),
(30, 'Honey Mustard Glazed Salmon', 3, 25, 3, 'Enjoy a delightful honey mustard glazed salmon dish. Start by preheating your oven to 200°C (390°F). In a small bowl, mix together 2 tablespoons of honey, 2 tablespoons of Dijon mustard, 1 tablespoon of soy sauce, and 1 minced garlic clove to make the glaze. Place 4 salmon fillets (about 150g each) on a lined baking sheet. Season with salt and pepper. Brush the glaze generously over the salmon fillets. Bake in the preheated oven for 12-15 minutes, or until the salmon is cooked through and flakes easily with a fork. While the salmon is baking, in a small saucepan, simmer 100ml of white wine until reduced by half. Serve the salmon hot, drizzled with the reduced wine sauce and garnished with fresh chopped parsley. Enjoy with your favorite side dishes!', 'uk', '2024-02-11 20:12:14', 'Král Pavel'),
(31, 'Bacon & Eggs', 1, 20, 1, 'Cook the bacon slices until they become crispy by frying them on medium-high heat. Once done, remove the bacon but retain the bacon fat in the pan. Crack open the eggs into the hot bacon grease and cook them according to your preference. Season the eggs with salt and pepper, and plate them alongside the bacon. Finally, serve the bacon and eggs, garnishing with parsley.', 'us', '2024-02-11 20:14:49', 'Střílek Radislav'),
(32, 'Chocolate Mousse', 2, 60, 3, 'Indulge in a decadent chocolate mousse dessert. Begin by melting 200g of dark chocolate in a heatproof bowl set over a pot of simmering water. Once melted, remove from heat and let it cool slightly. In another bowl, beat 300ml of heavy cream until soft peaks form. In a separate bowl, whisk together 3 egg whites until stiff peaks form. Gently fold the melted chocolate into the whipped cream until well combined. Then, fold in the egg whites until no streaks remain. Divide the mousse mixture into serving glasses or bowls. Chill in the refrigerator for at least 4 hours, or until set. Serve cold, garnished with chocolate shavings or fresh berries.', 'de', '2024-02-11 20:15:16', 'Brož Matyáš'),
(33, 'Chicken Noodle Soup', 1, 20, 1, 'In a medium pot with a lid, mix together vegetables and chicken broth. Cover and heat until it reaches a simmer. Allow it to cook for 10 minutes. Introduce noodles, chicken, and spices. Cover again and follow the noodle package instructions for cooking until the noodles are cooked. If the broth seems insufficient, incorporate 1/4 to 3/4 cup of filtered water. Season with salt and pepper to your liking. Serve and savor!', 'us', '2024-02-11 20:16:13', 'Grabka David'),
(34, 'cold cake', 1, 420, 2, 'We layer biscuits at the bottom of the mold, then place sliced compoted fruit on the biscuits. In sour cream, add sugar to taste and spread the mixture over the fruit. Repeat this process until all ingredients are used. Allow it to set in the refrigerator for 6-7 hours.', 'cs', '2024-02-11 20:17:28', 'Grabka David'),
(35, 'potato cake', 1, 70, 2, 'Peel and grate the potatoes. Add salt, pepper, marjoram, garlic, and finely chopped onions. Incorporate  eggs and all-purpose flour into the mixture. Mix everything thoroughly. Heat oil in a pan, form small patties from the mixture, put them on the pan, and fry on both sides and it''s done!.', 'hu', '2024-02-11 20:18:43', 'Grabka David'),
(36, 'Chocolate Mouse', 2, 60, 2, 'Melt dark chocolate in a heatproof bowl over simmering water. Whip heavy cream until stiff peaks form. In a separate bowl, beat egg yolks with sugar until pale and creamy. Fold melted chocolate into the egg mixture. Gently fold in the whipped cream. Spoon the chocolate mousse into serving glasses. Chill in the refrigerator for at least 4 hours. Garnish with chocolate shavings before serving.', 'fr', '2024-02-11 20:20:00', 'Fárek Matěj'),
(37, 'french patatos', 1, 70, 2, 'Peel the potatoes and slice them thinly. Grate the cheese and slice the salami. Prepare salt and pepper. In a greased baking dish with oil, layer the sliced potatoes. Add salami and cheese. Season with salt and pepper to taste. Repeat the process until all ingredients are used. Bake for approximately 40 minutes, then pour beaten eggs over the dish. Return to the oven for an additional 5 to 10 minutes, and it''s ready to serve.', 'cz', '2024-02-11 20:20:03', 'Grabka David'),
(38, 'Caprese salad', 1, 15, 2, 'Slice fresh tomatoes and mozzarella cheese. Arrange them alternately on a serving plate. Drizzle with extra virgin olive oil and balsamic glaze. Sprinkle with fresh basil leaves, salt, and pepper. Allow the flavors to meld for a few minutes before serving. Enjoy this light and refreshing Caprese Salad.', 'it', '2024-02-11 20:25:54', 'Brož Matyáš'),
(39, 'Spaghetti bolognese', 2, 30, 2, 'In a pan, sauté finely chopped onions, garlic, and ground beef until browned. Add tomato sauce, tomato paste, dried oregano, salt, and pepper. Simmer for 15 minutes. Serve the bolognese sauce over cooked spaghetti. Garnish with grated Parmesan cheese and fresh basil.', 'it', '2024-02-11 20:34:02', 'Fárek Matěj'),
(40, 'Tomato soup', 2, 45, 3, 'Heat olive oil in a large pot over medium heat. Add minced garlic and chopped onions, cook until softened. Stir in diced tomatoes, chicken broth, and tomato paste. Season with salt, pepper, and Italian seasoning. Simmer for 30 minutes. Serve hot garnished with grated Parmesan cheese and fresh basil leaves.', 'it', '2024-02-11 20:50:41', 'Fárek Matěj'),
(42, 'Mint Tea', 1, 12, 1, 'Rinse about 10-12 fresh mint leaves per cup of tea under cold water to remove any dirt or debris. Bring water to a boil in a teapot or heatproof container. Bruise the mint leaves slightly by gently crushing them with your fingers or a spoon to release the flavor. Pour the boiling water over the bruised mint leaves in the teapot or container. Cover the teapot or container and let the mint steep in the hot water for about 5-7 minutes. Adjust the steeping time depending on how strong you want the mint flavor to be. After steeping, strain the tea to remove the mint leaves using a fine mesh strainer or a tea infuser. If desired, sweeten the tea with honey, sugar, or another sweetener of your choice, stirring until fully dissolved. Pour the mint tea into cups and serve hot.', 'ma', '2024-02-11 22:09:50', 'Mátl Daniel'),
(45, 'Classic Scrambled Eggs', 1, 10, 1, 'A simple and delicious breakfast option. Crack eggs into a bowl, whisk them, and cook in a pan with butter. Season with salt and pepper to taste. Serve hot with toast.', 'EG', '2024-02-11 23:10:52', 'Brož Matyáš'),
(47, 'pudding', 1, 30, 1, 'easy recipe for pudding', 'cs', '2024-02-11 23:19:36', 'Erlebach Nikolas'),
(48, 'Chicken Alfredo Pasta', 2, 45, 2, 'A creamy and indulgent pasta dish. Cook fettuccine according to package instructions. In a separate pan, cook chicken, garlic, and mushrooms. Mix in Alfredo sauce and toss with cooked pasta. Serve hot with grated Parmesan.', 'IT', '2024-02-11 23:27:50', 'Brož Matyáš'),
(49, 'Minestrone Soup', 2, 30, 2, 'A hearty and nutritious vegetable soup. Saute onions, garlic, and vegetables. Add broth, tomatoes, and beans. Simmer until vegetables are tender. Serve hot with a sprinkle of Parmesan cheese.', 'IT', '2024-02-11 23:29:48', 'Šeps Roman'),
(50, 'Chocolate Cake', 2, 25, 1, 'A decadent dessert with a gooey chocolate center. Melt chocolate and butter. Mix with sugar, eggs, flour, and vanilla. Pour into ramekins and bake until the edges are set but the center is still soft. Serve warm with a scoop of vanilla ice cream.', 'FR', '2024-02-11 23:34:10', 'Brož Matyáš'),
(51, 'Grilled Salmon with Lemon and Dill', 2, 20, 2, 'A healthy and flavorful dinner option. Marinate salmon with lemon, dill, salt, and pepper. Grill until the fish is cooked through. Serve with a side of steamed vegetables or salad.', 'NO', '2024-02-11 23:39:05', 'Šeps Roman'),
(52, 'Borscht', 1, 60, 1, 'Make beef stock. Boil vegetable and add the beef stock. Add Sour cream or mayoneise.', 'uk', '2024-02-11 23:53:09', 'Liška Ladislav'),
(53, 'Spaghetti Carbonara', 2, 15, 2, 'Put a large pot of salted water on to boil. While the water is coming to a boil, heatn olive oil in a large pan over medium heat. Add the pancetta and cook slowly until crispy. In a medium sized bowl, beat the egg yolks together and then beat in the freshly grated parmesan and add a little bit of pepper. Once the water has reached a rolling boil, add the dry pasta, and cook. When the pasta is ready, lift it from the water with a pasta fork or tongs and put it in the frying pan with the pancetta. Take the pan of spaghetti and pancetta off the heat. Now quickly pour in the eggs and cheese. Add extra pasta cooking water to keep it saucy. Use a long-pronged fork to twist the pasta on to the serving plate or bowl. Serve immediately with a little sprinkling of the remaining cheese and a grating of pepper.', 'it', '2024-02-11 23:58:00', 'Endál Marek'),
(54, 'Sushi', 2, 30, 1, 'Place a bamboo sushi mat on a clean surface and cover it with plastic wrap.\r\nPlace a sheet of nori, shiny side down, on the mat. Wet your hands with a mixture of water and rice vinegar to prevent sticking. Spread a thin, even layer of sushi rice over the nori, leaving about 1 inch at the top edge of the nori sheet uncovered. Place a few thin slices of fresh salmon across the center of the rice. Using the bamboo mat, start rolling the sushi away from you, applying gentle pressure to keep the roll tight. Roll until the exposed edge of the nori seals the roll. Remove the bamboo mat and use a sharp knife to slice the roll into bite-sized pieces. Wipe the knife with a damp cloth between cuts to ensure clean lices.', 'jp', '2024-02-12 00:23:59', 'Lacina Jakub'),
(55, 'Avocado Toast with Chickpea Scramble', 2, 15, 2, 'A delicious and nutritious breakfast option. Top whole-grain toast with mashed avocado and a flavorful chickpea scramble. Season with salt, pepper, and your favorite spices for an extra kick.', 'au', '2024-02-12 03:06:01', 'Brož Matyáš'),
(56, 'Vegetarian Lentil Soup', 3, 45, 3, 'A hearty and wholesome vegetarian soup. Cook lentils, vegetables, and spices in vegetable broth. Season with herbs like thyme and rosemary. Serve hot for a satisfying meal.', 'uk', '2024-02-12 03:19:05', 'Razák Josef'),
(57, 'Mushroom Risotto', 3, 30, 2, 'A creamy and flavorful mushroom risotto. Sauté mushrooms, onions, and garlic, then add Arborio rice and vegetable broth. Stir until the rice is cooked and creamy. Garnish with fresh herbs and vegan Parmesan cheese.', 'IT', '2024-02-12 03:26:53', 'Razák Josef'),
(58, 'Vegan Chocolate Avocado Mousse', 2, 20, 3, 'A guilt-free and creamy chocolate mousse. Blend ripe avocados, cocoa powder, maple syrup, and vanilla extract until smooth. Chill the mixture in the refrigerator and serve cold.', 'FR', '2024-02-12 03:32:31', 'Razák Josef'),
(59, 'Quinoa-Stuffed Bell Peppers', 3, 50, 3, 'A wholesome dinner option. Cook quinoa, black beans, corn, and spices. Stuff bell peppers with the mixture, top with vegan cheese, and bake until the peppers are tender. Serve with a side of salsa or guacamole.', 'PE', '2024-02-12 03:37:21', 'Razák Josef'),
(61, 'Bread with butter', 1, 2, 1, 'We cut some pieces of Bread, then we add a small layer of Butter.', 'CZ', '2024-02-25 20:51:43', 'Brož Matyáš'),
(62, 'Orange juice', 1, 3, 1, 'We drain Orange on the juicer, then we mix that with watter.', 'CZ', '2024-02-25 20:54:45', 'Brož Matyáš'),
(63, 'Ice salad', 1, 2, 1, 'We watter the salad, cut it into middle-size pieces, take it into bowl, add milk, peper and salt, then mix all together.', 'CZ', '2024-02-25 20:58:43', 'Brož Matyáš'),
(64, 'Bone broth', 3, 130, 2, 'We get washed bones into the pot, add cold water and let it cook for about 2 hours. After that we remove bones and filer the Broth throw net. Into clear Broth we add Masox, cutted Parsley, add Peper, Salt, then we cook it until the Parsley is soft. Into Broth we add any kind of Dumplings after that we can add some Chive.', 'CZ', '2024-02-25 21:05:31', 'Brož Matyáš'),
(65, 'Wasp Nest', 1, 10, 2, 'We will prepare a popular christmas cookies called wasp nests. For dough, you''ll need a wasp nest form, approximately 160 g of crushed sponge biscuits, 160 g of icing sugar, 60 g of warmed up butter, 15 g of cocoa, 2 spoons of rum, eggwhite from 1 egg, and a bit of cinnamon and star anyse. You''ll mix all of these together to make the dough. Then you''ll make a small ball out of it and push it into the form. Then use either you finger or wooden spoon to make a hole into the dough so it''s only on the sides. For filling, you''ll need 80 g of butter, 10 g of vanilla sugar, 20 g of icing sugar, and 1 spoon of rum. Then you''ll mix all of these together, and you''ll put the mixed filling into the dough hole you''ve made in the form. For the whole completion you''ll only need 1 piece of sponge biscuit for 1 wasp nest which you''ll put on the down side of the form, and then you''ll put it whole out of the form. Put it into the fridge for approximately 1 hour. After all this it''s ready to serve. This receipe is for about 30 pieces of wasp nests.', 'uk', '2024-02-28 19:37:50', 'Nidecký Petr'),
(66, 'Mixed eggs', 1, 5, 1, 'Easy breakfast or dinner, when you just cook eggs with onion. You can add some kind of ham if you want.', 'cs', '2024-02-28 19:48:09', 'Bím Adam'),
(69, 'Coleslaw salad', 1, 5, 1, 'The secret to a fantastic coleslaw is in the dressing. To make the dressing put the mayonnaise, sour cream, mustard, vinegar, sugar and salt and pepper into a small bowl and combine with a large spoon until the mix forms a rich, creamy dressing. Add the dressing to the vegetables. Put the cabbage into a bigger bowl, then the carrots and finally the spring onions. Mix all the vegetables up and then pour the dressing on top. Mix together again until all the vegetables are smothered in dressing. Next, cover your coleslaw with cling film and put it in the fridge for an hour to chill slightly. This will allow the vegetables to marinate in the dressing, which will make it taste even better. Serve.', 'uk', '2024-02-28 21:36:30', 'Rosa Josef'),
(70, 'Elbow pasta with eggs', 1, 20, 1, 'Boil the pasta on medium heat until the pasta is soft. Pour water out from the pot, then mix it with eggs on pan. Add salt and spices and mix well.Serve immediately.', 'cz', '2024-02-28 21:45:15', 'Kucer Filip'),
(71, 'Spaghetti with ketchup and cheese', 1, 5, 1, 'Easy boiled spaghetti with ketchup and grated cheese.', 'cs', '2024-02-29 17:44:44', 'Bím Adam'),
(72, 'Waffle', 2, 30, 1, 'We will prepare traditional waffles. We will need 300 ml of milk, a pinch of salt, 24 g of sugar, 300 grams of plain wheat flour, one packet of baking powder, a piece of butter to grease the molds, and 2 eggs. For decoration and better taste, you can prepare fruit and powdered sugar, if necessary, maple syrup.', 'cz', '2024-02-29 18:44:01', 'Fujera Tomáš'),
(73, 'The Pancake Paragon: Culinary Creations for Your Tastebud Triumph', 1, 20, 2, 'Mix everything well with an immersion blender until smooth. Gradually fry on both sides in a frying pan with a teaspoon of oil. I recommend using a special pancake pan with a low rim and a non-stick surface. Flip the pancake up in the air using the pan to catch it again (it''s easy). This way it is guaranteed not to tear. Brush the finished pancakes with jam and decorate with, for example, whipped cream, fruit, etc.', 'uk', '2024-02-29 18:44:25', 'Lengauer Patrik'),
(74, 'Avocado Toast with Poached Eggs', 2, 15, 2, 'Toast bread slices until golden. Mash avocado.  Spread avocado on toast. Poach eggs in simmering water with a splash of vinegar for 3-4 minutes. Place eggs on avocado toast. Add some salt, pepper and chili flakes for extra flavor.\r\nYou can enjoy your meal with the lemon juice', 'au', '2024-03-19 12:46:49', 'Brož Matyáš'),
(78, 'Classic British Scones', 3, 60, 2, 'Mix flour, baking powder, sugar, and a pinch of salt. Rub in cold butter, then add milk to form a dough. Roll out, cut into rounds, and bake at 220°C until golden. Serve with jam and cream.', 'uk', '2024-03-19 13:49:06', 'Fichtner Lukáš'),
(79, 'Pasta Primavera', 2, 30, 2, 'Cook pasta according to package instructions. Sauté a variety of seasonal vegetables (e.g., bell peppers, zucchini, carrots) in olive oil. Toss with pasta, add parmesan cheese, salt, and pepper to taste.', 'us', '2024-03-19 13:56:07', 'Fichtner Lukáš'),
(81, 'Grilled Chicken with Vegetables', 3, 45, 2, 'Marinate chicken breasts in olive oil, lemon juice, salt, and pepper. Grill until cooked. Serve with grilled vegetables of choice (e.g., bell peppers, zucchini, and asparagus).', 'uk', '2024-03-19 14:01:34', 'Fichtner Lukáš'),
(82, 'Creamy Pumpkin Soup', 2, 60, 2, 'Roast pumpkin until tender. Sauté onions and garlic in a pot. Add roasted pumpkin, vegetable stock, and season with salt, pepper, and nutmeg. Simmer for 20 minutes. Blend until smooth. Stir in cream and heat through. Serve garnished with pumpkin seeds.', 'ht', '2024-03-19 14:03:54', 'Fichtner Lukáš'),
(83, 'Scrambled Tofu Breakfast', 1, 15, 2, 'In a pan, heat 14 g of olive oil. Add finely chopped red onion and pan-fry until translucent. Crumble 200g of firm tofu into the pan. Add 14 g of ground turmeric and Stir. Add 100g of chopped fresh spinach and diced ripe tomato. Season with 7 g of salt and 3.5 g of black pepper. Cook for 5-7 minutes until everything is heated through. Serve hot and add more or less spices so it is up to your taste.', 'PH', '2024-03-19 14:05:10', 'Chvátal Václav'),
(84, 'Beef and Mushroom Stroganoff', 3, 60, 3, 'In a large pan, melt 28 g of unsalted butter over medium heat. Add finely chopped yellow onion and minced garlic. pan-fry until softened. Add thinly sliced beef strips and cook until browned. Stir in sliced mushrooms and cook until they release their moisture. Sprinkle 28 g of all-purpose flour over the mixture and stir well. Pour in 240 ml of low-sodium beef broth, stirring constantly to avoid lumps. Simmer until the sauce thickens. Reduce heat, and pour in 240 ml of sour cream. Season with 14 g of salt and 7 g of freshly ground black pepper. Serve the stroganoff over cooked egg noodles, garnished with freshly chopped parsley.', 'RU', '2024-03-19 14:13:01', 'Chvátal Václav'),
(85, 'Raspberry Chocolate Tart', 3, 60, 2, 'Preheat your oven to 180°C (350°F). In a food processor, blend 200g of chocolate cookies until finely ground. Add 100g of melted butter and pulse until combined. Press the mixture into the bottom and up the sides of a tart pan. Bake for 10 minutes, then let cool. In a saucepan, heat 200ml of heavy cream until it just begins to simmer. Remove from heat and add 200g of chopped dark chocolate. Let it sit for 2 minutes, then stir until smooth. Pour the chocolate mixture into the cooled tart crust. Arrange fresh raspberries on top. Refrigerate for at least 30 minutes before serving.', 'FR', '2024-03-19 14:24:58', 'Chvátal Václav'),
(86, 'Lemon Garlic Butter Shrimp Pasta', 2, 30, 2, 'Cook 300g of linguine pasta according to package instructions. In a pan, melt 50g of butter and pan-fry 300g of shrimp until pink. Add minced garlic (4 cloves) and cook until fragrant. Pour in 500 ml of chicken broth, 250 ml of heavy cream, and the juice of 2 lemons. Simmer until the sauce thickens. Season with salt and pepper. Toss the cooked pasta into the sauce, garnish with chopped parsley, and serve.', 'IT', '2024-03-19 14:26:55', 'Chvátal Václav'),
(87, 'Avocado Toast', 1, 10, 2, 'A simple and nutritious breakfast. Mash a ripe avocado and spread it on toasted whole-grain bread. Sprinkle with salt, pepper, and red pepper flakes. Drizzle with olive oil and garnish with cherry tomatoes.', 'US', '2024-04-19 17:04:31', 'Brož Matyáš'),
(88, 'Shrimp Scampi Pasta', 3, 25, 3, 'A delightful shrimp scampi pasta dish. Sauté shrimp in garlic-infused olive oil, add white wine, lemon juice, and red pepper flakes. Toss with cooked linguine and garnish with fresh parsley and grated Parmesan cheese.', 'US', '2024-04-19 18:53:34', 'Ulrych Jakub'),
(89, 'Grilled Chicken with Lemon Herb Marinade', 3, 40, 2, 'Juicy grilled chicken marinated in a blend of lemon, garlic, and fresh herbs. Mix the marinade, coat the chicken, and let it marinate for at least 30 minutes. Grill until fully cooked and serve with your favorite sides.', 'US', '2024-04-19 19:25:39', 'Ulrych Jakub'),
(90, 'Tomato Basil Soup', 3, 30, 3, 'Tomato basil soup. Sauté onions and garlic, add tomatoes, vegetable broth, and fresh basil. Simmer until flavors meld. Blend until smooth and serve hot.', 'US', '2024-04-19 19:27:54', 'Ulrych Jakub'),
(91, 'heavy Cream Tomato Basil Soup', 2, 30, 2, 'In a pot, heat 28 g of olive oil. Add finely chopped onion and 3 cloves of minced garlic. pan-fry until softened. Add coarsely chopped fresh tomatoes and cook until they start to break down. Pour in 960 ml of vegetable stock. Season with 14 g of salt and 7 garlic of freshly ground black pepper. Simmer for 20 minutes. Using an hand blender, blend the soup until smooth. Stir in 120 ml of heavy cream and heat through. Serve hot, garnished with freshly chopped basil.', 'IT', '2024-04-28 16:52:53', 'Chvátal Václav'),
(93, 'Salt water', 1, 5, 1, 'We take water, put salt in it and stir. Enjoy.', 'cz', '2024-05-29 21:44:06', 'Michal Bubilek'),
(98, 'Raspberry and strawberry shake with whipped cream', 1, 15, 2, 'Shake the heavily cooled cream and whip it in a tall vessel with a blender. Set aside in the refrigerator. In the blender cup, combine the milk with the strawberries and raspberries.Add powdered sugar and blend. We spritz whipped cream on top of the shake using a confectionery sleeve. Decorate the shake with strawberries, currants on a sprig and leaves of fresh mint.', 'pl', '2024-06-07 11:03:24', 'Mokriš Tomáš'),
(99, 'Dumplings with meat', 2, 60, 2, 'Peel and wash the vegetables. Grate the carrots on a coarse grater .2 Dice the onions and sauté in butter until golden brown. Combine the meat with the onions and carrots and season to taste . In a separate bowl or on a pastry board, sift the flour, combine with water and oil, form a dough. Knead for a few minutes until a homogeneous elastic mass is formed. Cover the dough with a damp cloth and let it rest for a few minutes . In a large pot, bring water to a boil with a teaspoon of salt and a teaspoon of oil . Roll out the dough into a thin dough and cut out circles using a mug . Put a tablespoon of stuffing on the cut circle and glue the sides together. Put the dumplings into boiling water. Cook until it comes out for 2 minutes. Cut the bacon into cubes .1 dice the onion and sauté together with the bacon . Serve with sautéed bacon and onions. Enjoy your meal.', 'pl', '2024-06-07 11:09:53', 'Trnka Jaromír'),
(100, 'Sponge cake', 2, 50, 2, 'Separate the yolks from the whites. It is very important to separate the whites from the yolks very carefully. There must be no yolk in the bowl with egg whites. Place the egg whites in a clean and dry container (glass or metal). Using a mixer, beat the eggs starting at lower speeds. Gradually increase them. Beat the egg whites for a while to avoid breaking any air bubbles. Once we have beaten the eggs, we can add the sugar. \r\nStart adding fine sugar. After each spoonful, mix the egg whites at the highest speed until the sugar combines with the foam and dissolves completely.  At the end of whipping, a smooth, thick and very shiny egg white mass should be formed. Add vinegar to the egg yolks, and mix it. Finally, add the yolks and continue mixing for a while until the whites are smoothly combined with the yolks. Reduce the mixer speed to a minimum (or use a spatula). Add flour to the egg foam. Mix everything thoroughly, but not for too long, just until the ingredients are combined.\r\nSimply line a 26 cm diameter cake tin with baking paper and fasten the rim. We do not lubricate the sides of the mold with anything. Place the biscuit dough into the cake tin and gently smooth its surface. Bake the sponge cake for about 30 minutes (probably no longer than 35 minutes) in an oven preheated to 170 degrees with convection (until the stick is dry). Preheat the oven to 180 degrees using the top/bottom heater. You can remove the sponge cake from the oven immediately after baking.', 'it', '2024-06-07 11:10:17', 'Pokorák David'),
(101, 'Spring salad', 1, 20, 1, 'Scoop out the pomegranate seeds. Shred lettuce, arrange on platters. Cut the tomatos in halves, place on the lettuce. Sprinkle with crumbled feta, chopped onion and finely chopped chili. Season everything with salt and freshly ground pepper. Sprinkle with pomagranate seeds. Mix the vinaigrette ingredients and pour over the salad, sprinkle with thyme leaves.', 'cz', '2024-06-07 11:11:25', 'Brož Matyáš'),
(102, 'Perfecto Strawberry juice', 1, 10, 2, 'Strawberries wash, remove the stem, and cut into small pieces. Add them to the texture.Add water and blend until smooth a fine mesh strainer over a large container and pour over it to remove the foam. Add 2 ice cubes to each cup and prepared juice', 'pl', '2024-06-07 11:13:00', 'Fichtner Lukáš'),
(103, 'raspberry tiramisu', 2, 30, 2, 'In mixer, beat egg whites with a pinch of salt to stiff foam. In a seperate bowl, mix the egg yolks with the sugar until a light, fluffy mass is formed. Add mascarpone to the yolks. Lighty mix on low speed of the mixer. Gradually add the egg whites and very gently mix with a amaretto just until ingredients are comnbined.\r\nThe mass should be fluffy.\r\nWe prepare all the ingredients for ourselves. In a bowl we pour little espresso in which we soak the sponge cakes.\r\nWe take out raspberries, raspberry jam and also cocoa.\r\nArrange in layers into goblet cups.', 'it', '2024-06-07 11:13:25', 'Chvátal Václav'),
(105, 'Mojito', 1, 5, 2, 'To make a classic Mojito, combine 6 fresh mint leaves, 2 deciliters of rum, 10 grams of brown sugar and the juice of half a lime in a glass. Muddle the mint and mix well, then fill the glass with ice and top with water. Garnish with a lime wheel and a sprig of mint.', 'cu', '2024-06-07 11:29:02', 'Trnka Jaromír'),
(106, 'Polish Tiramisu', 1, 240, 2, 'cream:\r\nBeat egg yolks with sugar until fluffy.\r\nMix in mascarpone.\r\nWhip cream and fold into the mascarpone mixture.\r\n\r\nLadyfingers:\r\nMix coffee with amaretto (if using).\r\nDip ladyfingers briefly in the coffee.\r\n\r\nLayering:\r\nLayer soaked ladyfingers in a dish.\r\nSpread half of the cream over them.\r\nAdd another layer of ladyfingers.\r\nTop with remaining cream.\r\n\r\nChill:\r\nRefrigerate for at least 2-4 hours.\r\nDust with cocoa before serving.', 'pl', '2024-06-07 11:31:02', 'Kováč Ondřej');

-- --------------------------------------------------------

--
-- Struktura tabulky `recipe_has_category`
--

CREATE TABLE IF NOT EXISTS `recipe_has_category` (
  `recipe_id` smallint unsigned NOT NULL,
  `recipe_category_id` smallint unsigned NOT NULL,
  PRIMARY KEY (`recipe_id`,`recipe_category_id`),
  KEY `fk_recipe_has_recipe_category_recipe1_idx` (`recipe_id`)
) ENGINE=InnoDB DEFAULT CHARSET=utf8mb4 COLLATE=utf8mb4_general_ci;

--
-- Vypisuji data pro tabulku `recipe_has_category`
--

INSERT INTO `recipe_has_category` (`recipe_id`, `recipe_category_id`) VALUES
(8, 9),
(9, 2),
(9, 6),
(10, 8),
(11, 1),
(12, 3),
(13, 4),
(13, 8),
(14, 3),
(14, 7),
(15, 2),
(15, 7),
(16, 2),
(17, 2),
(18, 2),
(19, 9),
(20, 4),
(21, 2),
(22, 2),
(23, 8),
(24, 1),
(25, 8),
(26, 6),
(27, 6),
(28, 2),
(29, 3),
(30, 5),
(31, 2),
(32, 4),
(33, 1),
(34, 4),
(35, 3),
(36, 4),
(37, 2),
(38, 7),
(39, 2),
(39, 6),
(40, 1),
(42, 9),
(45, 3),
(47, 4),
(47, 8),
(48, 2),
(48, 6),
(49, 1),
(50, 4),
(51, 2),
(52, 1),
(53, 6),
(54, 2),
(55, 3),
(56, 1),
(56, 3),
(57, 3),
(58, 4),
(59, 3),
(59, 7),
(61, 3),
(62, 9),
(63, 7),
(64, 1),
(65, 4),
(66, 3),
(69, 7),
(70, 6),
(71, 6),
(72, 4),
(73, 8),
(74, 3),
(78, 4),
(79, 6),
(81, 2),
(82, 1),
(83, 3),
(84, 2),
(85, 4),
(86, 3),
(87, 3),
(88, 5),
(89, 2),
(90, 2),
(91, 1),
(93, 9),
(98, 8),
(98, 9),
(99, 2),
(100, 4),
(100, 8),
(101, 7),
(102, 4),
(102, 8),
(102, 9),
(103, 4),
(105, 9),
(106, 3),
(106, 4),
(106, 8);

-- --------------------------------------------------------

--
-- Struktura tabulky `recipe_has_dish_category`
--

CREATE TABLE IF NOT EXISTS `recipe_has_dish_category` (
  `recipe_id` smallint unsigned NOT NULL,
  `dish_category_id` tinyint unsigned NOT NULL,
  PRIMARY KEY (`recipe_id`,`dish_category_id`),
  KEY `fk_recipe_has_dish_category_recipe1_idx` (`recipe_id`) /*!80000 INVISIBLE */
) ENGINE=InnoDB DEFAULT CHARSET=utf8mb4 COLLATE=utf8mb4_general_ci;

--
-- Vypisuji data pro tabulku `recipe_has_dish_category`
--

INSERT INTO `recipe_has_dish_category` (`recipe_id`, `dish_category_id`) VALUES
(8, 1),
(8, 5),
(9, 3),
(10, 1),
(10, 4),
(10, 5),
(11, 2),
(12, 3),
(13, 4),
(14, 5),
(15, 3),
(16, 1),
(17, 2),
(18, 3),
(19, 1),
(19, 5),
(20, 4),
(21, 5),
(22, 1),
(22, 2),
(23, 4),
(24, 2),
(25, 1),
(26, 3),
(26, 5),
(27, 3),
(28, 5),
(29, 1),
(29, 5),
(30, 3),
(30, 5),
(31, 1),
(31, 5),
(32, 4),
(33, 2),
(33, 5),
(34, 1),
(34, 4),
(35, 5),
(36, 4),
(37, 3),
(37, 5),
(38, 5),
(39, 3),
(40, 2),
(42, 1),
(45, 1),
(47, 4),
(48, 3),
(49, 2),
(50, 4),
(51, 5),
(52, 2),
(53, 3),
(54, 3),
(54, 5),
(55, 1),
(56, 2),
(57, 3),
(58, 4),
(59, 5),
(61, 1),
(61, 5),
(62, 1),
(62, 4),
(63, 1),
(63, 4),
(64, 2),
(65, 4),
(66, 1),
(66, 5),
(69, 1),
(69, 3),
(69, 4),
(69, 5),
(70, 3),
(70, 5),
(71, 3),
(71, 5),
(72, 4),
(73, 4),
(74, 1),
(78, 4),
(79, 5),
(81, 3),
(82, 2),
(83, 1),
(84, 3),
(85, 4),
(86, 5),
(87, 1),
(88, 5),
(89, 3),
(90, 2),
(91, 2),
(98, 4),
(99, 3),
(100, 4),
(101, 1),
(101, 5),
(102, 4),
(103, 4),
(105, 4),
(106, 4);

-- --------------------------------------------------------

--
-- Struktura tabulky `recipe_has_ingredient`
--

CREATE TABLE IF NOT EXISTS `recipe_has_ingredient` (
  `id` int unsigned NOT NULL AUTO_INCREMENT,
  `recipe_id` smallint unsigned NOT NULL,
  `ingredient_id` mediumint unsigned NOT NULL,
  `quantity` decimal(10,3) NOT NULL,
  `unit` varchar(3) CHARACTER SET utf8mb4 COLLATE utf8mb4_general_ci NOT NULL COMMENT 'json list',
  `necessary` tinyint unsigned NOT NULL DEFAULT '1',
  `rota` tinyint unsigned NOT NULL DEFAULT '1' COMMENT 'order',
  `comment` varchar(255) CHARACTER SET utf8mb4 COLLATE utf8mb4_general_ci DEFAULT NULL,
  PRIMARY KEY (`id`),
  KEY `fk_recipe_has_ingredient_recipe_idx` (`recipe_id`),
  KEY `fk_recipe_has_ingredient_ingredient1_idx` (`ingredient_id`)
) ENGINE=InnoDB  DEFAULT CHARSET=utf8mb4 COLLATE=utf8mb4_general_ci AUTO_INCREMENT=812 ;

--
-- Vypisuji data pro tabulku `recipe_has_ingredient`
--

INSERT INTO `recipe_has_ingredient` (`id`, `recipe_id`, `ingredient_id`, `quantity`, `unit`, `necessary`, `rota`, `comment`) VALUES
(44, 8, 1, '0.250', 'l', 1, 1, NULL),
(45, 8, 2, '4.000', 'g', 1, 2, '4g is a regular tea bag. You can also use other brands of black tea.'),
(46, 8, 3, '5.000', 'g', 0, 3, 'You can also use honey, for example.'),
(47, 8, 4, '0.050', 'l', 0, 4, NULL),
(48, 9, 18, '9.000', 'pc', 1, 1, 'Dry'),
(49, 9, 19, '500.000', 'g', 1, 2, 'Lean'),
(50, 9, 6, '1.000', 'pc', 1, 3, 'Chopped'),
(51, 9, 20, '2.000', 'pc', 1, 4, 'Minced'),
(52, 9, 21, '0.700', 'l', 1, 5, 'Canned'),
(53, 9, 22, '250.000', 'g', 1, 6, 'Shredded'),
(54, 9, 23, '500.000', 'g', 1, 7, 'Whole milk'),
(55, 9, 80, '100.000', 'g', 1, 8, 'Grated'),
(56, 9, 25, '1.000', 'pc', 1, 9, 'Beaten'),
(57, 9, 26, '2.000', 'pc', 1, 10, 'Chopped'),
(58, 10, 3, '80.000', 'g', 1, 1, NULL),
(59, 10, 27, '750.000', 'g', 1, 2, NULL),
(60, 10, 28, '40.000', 'g', 1, 3, NULL),
(61, 10, 25, '2.000', 'pc', 1, 4, NULL),
(62, 10, 4, '1.200', 'l', 1, 5, NULL),
(63, 10, 29, '42.000', 'g', 1, 6, NULL),
(64, 10, 16, '0.008', 'l', 1, 7, '7.5 ml is about a half of a spoon'),
(65, 11, 30, '0.500', 'pc', 1, 1, NULL),
(66, 11, 1, '2.000', 'l', 1, 2, NULL),
(67, 11, 6, '1.000', 'pc', 1, 3, NULL),
(68, 11, 31, '0.015', 'l', 1, 4, 'A spoon is about 15 ml'),
(69, 12, 32, '4.000', 'pc', 1, 1, NULL),
(70, 12, 28, '50.000', 'g', 1, 2, NULL),
(71, 12, 16, '1.000', 'g', 1, 3, NULL),
(72, 12, 33, '1.000', 'g', 1, 4, NULL),
(73, 12, 34, '1.000', 'pc', 1, 5, NULL),
(74, 13, 27, '500.000', 'g', 1, 1, NULL),
(75, 13, 3, '500.000', 'g', 1, 2, NULL),
(76, 13, 25, '5.000', 'pc', 1, 3, NULL),
(77, 13, 35, '0.250', 'l', 1, 4, NULL),
(78, 13, 36, '1.000', 'pc', 1, 5, NULL),
(79, 13, 28, '10.000', 'g', 1, 6, NULL),
(80, 13, 15, '15.000', 'g', 1, 7, NULL),
(99, 16, 41, '100.000', 'g', 1, 1, NULL),
(100, 16, 25, '4.000', 'pc', 1, 2, NULL),
(101, 16, 16, '0.500', 'g', 1, 3, NULL),
(102, 16, 33, '0.250', 'g', 1, 4, NULL),
(103, 16, 28, '1.000', 'g', 1, 5, NULL),
(104, 17, 43, '800.000', 'g', 1, 1, 'Peeled and diced.'),
(105, 17, 6, '1.000', 'pc', 1, 2, 'Chopped.'),
(106, 17, 20, '2.000', 'pc', 1, 3, 'Minced.'),
(107, 17, 44, '2.000', 'pc', 1, 4, 'Chopped.'),
(108, 17, 45, '2.000', 'l', 1, 5, NULL),
(109, 17, 46, '5.000', 'g', 1, 6, NULL),
(110, 17, 47, '2.500', 'g', 1, 7, NULL),
(111, 17, 14, '2.000', 'g', 0, 8, 'For garnish.'),
(112, 17, 48, '2.000', 'g', 0, 9, 'Roasted, for garnish.'),
(113, 18, 49, '1.000', 'pc', 1, 1, NULL),
(114, 18, 21, '0.200', 'l', 1, 2, NULL),
(115, 18, 22, '200.000', 'g', 1, 3, 'Shredded.'),
(116, 18, 50, '100.000', 'g', 1, 4, 'Sliced.'),
(117, 19, 1, '0.500', 'l', 1, 1, NULL),
(118, 19, 51, '4.000', 'pc', 1, 2, NULL),
(119, 19, 3, '100.000', 'g', 1, 3, NULL),
(120, 19, 52, '1.000', 'pc', 1, 4, NULL),
(121, 19, 53, '4.000', 'pc', 1, 5, NULL),
(130, 21, 58, '4.000', 'pc', 1, 1, NULL),
(131, 21, 59, '1.000', 'pc', 0, 2, 'Sliced or mashed.'),
(132, 21, 60, '2.000', 'pc', 0, 3, 'Sliced.'),
(133, 21, 61, '50.000', 'g', 0, 4, 'Optional.'),
(134, 21, 62, '50.000', 'g', 0, 5, 'Sliced or shredded.'),
(135, 22, 63, '0.100', 'l', 1, 1, NULL),
(136, 22, 6, '1.000', 'pc', 1, 2, NULL),
(137, 22, 88, '2.000', 'pc', 1, 3, NULL),
(138, 22, 65, '800.000', 'g', 1, 4, NULL),
(139, 22, 45, '0.500', 'l', 1, 5, NULL),
(140, 22, 66, '0.100', 'l', 1, 6, NULL),
(141, 22, 67, '1.000', 'pc', 1, 7, NULL),
(142, 22, 16, '2.000', 'g', 1, 8, NULL),
(143, 22, 33, '3.000', 'g', 1, 9, NULL),
(144, 23, 1, '0.250', 'l', 1, 1, NULL),
(145, 23, 56, '100.000', 'g', 1, 2, NULL),
(146, 23, 25, '1.000', 'pc', 1, 3, NULL),
(147, 23, 4, '0.200', 'l', 1, 4, NULL),
(148, 23, 68, '0.500', 'pc', 0, 5, NULL),
(149, 24, 69, '1.000', 'pc', 1, 1, NULL),
(150, 24, 70, '1.000', 'pc', 1, 2, NULL),
(151, 24, 71, '0.250', 'pc', 1, 3, NULL),
(152, 24, 72, '1.000', 'pc', 1, 4, NULL),
(153, 24, 16, '10.000', 'g', 1, 5, NULL),
(154, 24, 1, '1.500', 'l', 1, 6, NULL),
(155, 25, 73, '120.000', 'g', 1, 1, NULL),
(156, 25, 74, '10.000', 'g', 0, 2, NULL),
(157, 25, 68, '0.500', 'pc', 0, 3, NULL),
(158, 25, 4, '0.100', 'l', 1, 4, NULL),
(159, 26, 75, '250.000', 'g', 1, 1, NULL),
(160, 26, 28, '2.000', 'pc', 1, 2, NULL),
(161, 26, 88, '3.000', 'pc', 1, 3, NULL),
(162, 26, 76, '300.000', 'g', 1, 4, NULL),
(163, 26, 77, '0.100', 'l', 1, 5, NULL),
(164, 26, 16, '10.000', 'g', 1, 6, NULL),
(165, 26, 33, '25.000', 'g', 1, 7, NULL),
(166, 26, 78, '10.000', 'g', 1, 8, NULL),
(167, 26, 72, '2.000', 'pc', 1, 9, NULL),
(168, 26, 80, '100.000', 'g', 1, 10, NULL),
(179, 29, 41, '2.000', 'pc', 1, 1, NULL),
(180, 29, 25, '3.000', 'pc', 1, 2, NULL),
(181, 29, 83, '9.000', 'g', 1, 3, NULL),
(182, 29, 33, '4.000', 'g', 0, 4, NULL),
(183, 29, 28, '1.000', 'pc', 1, 5, NULL),
(184, 29, 84, '2.000', 'pc', 0, 6, NULL),
(185, 30, 85, '4.000', 'pc', 1, 1, NULL),
(186, 30, 74, '0.200', 'l', 1, 2, NULL),
(187, 30, 86, '0.200', 'l', 1, 3, NULL),
(188, 30, 87, '0.100', 'l', 1, 4, NULL),
(189, 30, 88, '1.000', 'pc', 1, 5, NULL),
(190, 30, 16, '10.000', 'g', 1, 6, NULL),
(191, 30, 33, '10.000', 'g', 1, 7, NULL),
(192, 30, 77, '0.100', 'l', 1, 8, NULL),
(193, 30, 89, '100.000', 'g', 1, 9, NULL),
(202, 33, 94, '0.470', 'l', 1, 1, '470 militers or 2 cups of chicken broth '),
(203, 33, 70, '1.000', 'pc', 1, 2, 'one sliced medium carrot.'),
(204, 33, 71, '1.000', 'pc', 1, 3, 'one sliced medium celery.'),
(205, 33, 6, '40.000', 'g', 1, 4, '40 grams or 1/4 cup of diced onion'),
(206, 33, 95, '22.000', 'g', 1, 5, '55 grams or 3/4 cup of noodles'),
(207, 33, 96, '0.600', 'g', 1, 6, '0.6 grams or 1/8 cup of seasoning of poultry'),
(208, 33, 26, '0.600', 'g', 1, 7, '0.6 grams or 1/8 cup of seasoning of basil'),
(209, 33, 16, '0.100', 'g', 1, 8, 'add to taste'),
(210, 33, 33, '0.100', 'g', 1, 9, 'add to taste'),
(211, 34, 97, '500.000', 'g', 1, 1, NULL),
(212, 34, 3, '70.000', 'g', 1, 2, 'add to taste.'),
(213, 34, 98, '120.000', 'g', 0, 3, NULL),
(214, 34, 99, '250.000', 'g', 1, 4, 'add fruit by your choice'),
(215, 35, 100, '1000.000', 'g', 1, 1, 'Peel and grate the potatos'),
(216, 35, 6, '1.000', 'pc', 1, 2, 'finely chop the onion.'),
(217, 35, 3, '5.000', 'g', 0, 3, 'You can also use honey, for example.'),
(218, 35, 16, '0.100', 'g', 1, 4, 'add to taste'),
(219, 35, 33, '0.100', 'g', 1, 5, 'add to taste.'),
(220, 35, 101, '0.100', 'g', 1, 6, 'add to taste.'),
(221, 35, 20, '1.000', 'pc', 1, 7, '1 grated glove of garlic.'),
(222, 35, 27, '60.000', 'g', 1, 8, '60 grams of all-purpose flour.'),
(223, 35, 102, '0.200', 'l', 1, 9, NULL),
(224, 36, 90, '200.000', 'g', 1, 1, NULL),
(225, 36, 66, '300.000', 'g', 1, 2, NULL),
(226, 36, 104, '4.000', 'pc', 1, 3, NULL),
(227, 36, 3, '100.000', 'g', 1, 4, NULL),
(228, 36, 92, '30.000', 'g', 0, 5, 'For garnish'),
(229, 37, 100, '1500.000', 'g', 1, 1, 'Peel and slice thinly'),
(230, 37, 106, '500.000', 'g', 1, 2, 'Slice the salami.'),
(231, 37, 62, '300.000', 'g', 0, 3, 'Grate the cheese.'),
(232, 37, 16, '0.100', 'g', 1, 4, 'add to taste.'),
(233, 37, 33, '0.100', 'g', 1, 5, 'add to taste.'),
(234, 37, 25, '6.000', 'pc', 1, 6, NULL),
(235, 37, 102, '0.200', 'l', 1, 7, NULL),
(243, 39, 79, '200.000', 'g', 1, 1, NULL),
(244, 39, 6, '1.000', 'pc', 1, 2, NULL),
(245, 39, 20, '0.500', 'pc', 1, 3, NULL),
(246, 39, 19, '300.000', 'g', 1, 4, NULL),
(247, 39, 21, '400.000', 'g', 1, 5, NULL),
(248, 39, 111, '28.000', 'g', 1, 6, NULL),
(249, 39, 112, '18.000', 'g', 1, 7, NULL),
(250, 39, 83, '18.000', 'g', 1, 8, NULL),
(251, 39, 33, '9.000', 'g', 1, 9, NULL),
(252, 40, 63, '28.000', 'g', 1, 1, NULL),
(253, 40, 20, '3.000', 'pc', 1, 2, NULL),
(254, 40, 6, '1.000', 'pc', 1, 3, NULL),
(255, 40, 113, '800.000', 'g', 1, 4, NULL),
(256, 40, 94, '1.000', 'l', 1, 5, NULL),
(257, 40, 111, '28.000', 'g', 1, 6, NULL),
(258, 40, 16, '10.000', 'g', 1, 7, NULL),
(259, 40, 33, '10.000', 'g', 1, 8, NULL),
(260, 40, 114, '10.000', 'g', 1, 9, NULL),
(261, 40, 80, '50.000', 'g', 1, 10, NULL),
(262, 40, 67, '20.000', 'g', 1, 11, NULL),
(266, 42, 1, '0.250', 'l', 1, 1, NULL),
(267, 42, 115, '10.000', 'pc', 1, 2, NULL),
(268, 42, 74, '7.000', 'g', 0, 3, '7g of honey is about 1 teaspoon. You can also use sugar.'),
(297, 47, 4, '0.500', 'l', 1, 1, NULL),
(298, 47, 3, '12.000', 'g', 1, 2, NULL),
(299, 47, 126, '12.000', 'g', 1, 3, NULL),
(300, 47, 55, '4.000', 'g', 1, 4, NULL),
(307, 49, 6, '1.000', 'pc', 1, 1, NULL),
(308, 49, 20, '2.000', 'pc', 1, 2, NULL),
(309, 49, 70, '2.000', 'pc', 1, 3, NULL),
(310, 49, 71, '2.000', 'pc', 1, 4, NULL),
(311, 49, 5, '400.000', 'g', 1, 5, NULL),
(312, 49, 6, '200.000', 'g', 1, 6, NULL),
(313, 49, 45, '1.000', 'l', 1, 7, NULL),
(314, 49, 80, '30.000', 'g', 0, 8, NULL),
(322, 51, 1, '4.000', 'pc', 1, 1, NULL),
(323, 51, 51, '1.000', 'pc', 1, 2, NULL),
(324, 51, 3, '2.000', 'pc', 1, 3, NULL),
(325, 51, 16, '1.000', 'pc', 1, 4, NULL),
(326, 51, 33, '0.500', 'pc', 1, 5, NULL),
(327, 51, 6, '400.000', 'g', 0, 6, NULL),
(328, 52, 127, '500.000', 'g', 1, 1, NULL),
(329, 52, 128, '2.000', 'pc', 1, 2, NULL),
(330, 52, 33, '2.000', 'pc', 1, 3, NULL),
(331, 52, 130, '2.000', 'pc', 1, 4, NULL),
(332, 52, 70, '1.000', 'pc', 1, 5, NULL),
(333, 52, 72, '1.000', 'pc', 1, 6, NULL),
(334, 52, 71, '0.250', 'pc', 1, 7, NULL),
(335, 52, 6, '1.000', 'pc', 1, 8, NULL),
(336, 52, 131, '2.000', 'pc', 1, 9, 'hulled'),
(337, 52, 132, '200.000', 'g', 1, 10, NULL),
(338, 52, 28, '30.000', 'g', 1, 11, NULL),
(339, 52, 133, '0.015', 'l', 1, 12, 'add for you taste'),
(340, 52, 134, '200.000', 'g', 0, 13, NULL),
(341, 52, 97, '200.000', 'g', 0, 14, NULL),
(342, 53, 79, '500.000', 'g', 1, 1, NULL),
(343, 53, 135, '1.000', 'pc', 1, 2, 'Guanciale can also be used.'),
(344, 53, 80, '50.000', 'g', 1, 3, 'Pecorino can also be used.'),
(345, 53, 25, '3.000', 'pc', 1, 4, 'We use only the egg yolk.'),
(346, 53, 33, '5.000', 'g', 1, 5, NULL),
(347, 53, 16, '7.000', 'g', 1, 6, NULL),
(348, 54, 136, '10.000', 'pc', 1, 1, NULL),
(349, 54, 137, '1.000', 'pc', 1, 2, NULL),
(350, 54, 138, '20.000', 'g', 1, 3, NULL),
(351, 54, 139, '10.000', 'g', 0, 4, NULL),
(352, 54, 140, '1.000', 'l', 1, 5, NULL),
(360, 56, 1, '200.000', 'g', 1, 1, NULL),
(361, 56, 2, '200.000', 'g', 1, 2, NULL),
(362, 56, 45, '1.000', 'l', 1, 3, NULL),
(363, 56, 4, '2.000', 'g', 1, 4, NULL),
(364, 56, 5, '2.000', 'g', 1, 5, NULL),
(365, 56, 16, '2.000', 'g', 1, 6, NULL),
(366, 56, 33, '2.000', 'g', 1, 7, NULL),
(367, 57, 1, '200.000', 'g', 1, 1, NULL),
(368, 57, 6, '1.000', 'pc', 1, 2, NULL),
(369, 57, 20, '2.000', 'pc', 1, 3, NULL),
(370, 57, 4, '200.000', 'g', 1, 4, NULL),
(371, 57, 45, '0.500', 'l', 1, 5, NULL),
(372, 57, 6, '30.000', 'g', 1, 6, NULL),
(373, 57, 7, '100.000', 'g', 1, 7, NULL),
(374, 58, 1, '2.000', 'pc', 1, 1, NULL),
(375, 58, 2, '60.000', 'g', 1, 2, NULL),
(376, 58, 3, '60.000', 'g', 1, 3, NULL),
(377, 58, 55, '5.000', 'g', 1, 4, NULL),
(378, 59, 1, '200.000', 'g', 1, 1, NULL),
(379, 59, 2, '400.000', 'g', 1, 2, NULL),
(380, 59, 3, '150.000', 'g', 1, 3, NULL),
(381, 59, 4, '4.000', 'pc', 1, 4, NULL),
(382, 59, 5, '2.000', 'g', 1, 5, NULL),
(383, 59, 6, '100.000', 'g', 1, 6, NULL),
(384, 59, 7, '240.000', 'g', 0, 7, NULL),
(387, 61, 81, '1.000', 'pc', 1, 1, NULL),
(388, 61, 28, '40.000', 'g', 1, 2, NULL),
(389, 62, 141, '5.000', 'pc', 1, 1, NULL),
(390, 62, 1, '200.000', 'l', 1, 2, NULL),
(391, 63, 16, '40.000', 'g', 0, 1, NULL),
(392, 63, 33, '40.000', 'g', 0, 2, NULL),
(393, 63, 142, '0.500', 'pc', 1, 3, NULL),
(394, 63, 4, '250.000', 'l', 1, 4, NULL),
(395, 64, 143, '300.000', 'g', 1, 1, NULL),
(396, 64, 144, '1.000', 'pc', 1, 2, NULL),
(397, 64, 72, '100.000', 'g', 1, 3, NULL),
(398, 64, 16, '40.000', 'g', 1, 4, NULL),
(399, 64, 33, '40.000', 'g', 1, 5, NULL),
(400, 64, 145, '1.000', 'pc', 0, 6, NULL),
(401, 64, 146, '20.000', 'pc', 1, 7, NULL),
(402, 65, 147, '160.000', 'g', 1, 1, NULL),
(403, 65, 148, '180.000', 'g', 1, 2, NULL),
(404, 65, 28, '140.000', 'g', 1, 3, NULL),
(405, 65, 149, '51.000', 'g', 1, 4, NULL),
(406, 65, 150, '0.060', 'l', 1, 5, NULL),
(407, 65, 25, '1.000', 'pc', 1, 6, NULL),
(408, 65, 152, '1.000', 'pc', 0, 7, NULL),
(409, 65, 153, '1.000', 'pc', 0, 8, NULL),
(410, 65, 154, '10.000', 'g', 1, 9, NULL),
(411, 65, 149, '51.000', 'g', 1, 10, NULL),
(412, 65, 155, '1.000', 'pc', 1, 11, NULL),
(413, 66, 102, '0.250', 'l', 1, 1, 'You can also use butter.'),
(414, 66, 6, '0.250', 'pc', 1, 2, '0.25 pieces of onion is about quater of regular onion.'),
(415, 66, 25, '4.000', 'pc', 0, 3, 'You can use how many eggs you want, but I recommed you more than 3 pieces.'),
(434, 69, 156, '300.000', 'g', 1, 1, NULL),
(435, 69, 70, '2.000', 'pc', 1, 2, NULL),
(436, 69, 3, '14.000', 'g', 0, 3, NULL),
(437, 69, 157, '2.000', 'pc', 1, 4, NULL),
(438, 69, 158, '28.000', 'g', 1, 5, NULL),
(439, 69, 97, '14.000', 'g', 1, 6, NULL),
(440, 69, 39, '14.000', 'g', 1, 7, NULL),
(441, 69, 159, '0.014', 'l', 1, 8, NULL),
(442, 69, 16, '4.000', 'g', 0, 9, NULL),
(443, 70, 25, '2.000', 'pc', 1, 1, NULL),
(444, 70, 161, '250.000', 'g', 1, 2, NULL),
(445, 70, 16, '5.000', 'g', 0, 3, NULL),
(446, 70, 162, '20.000', 'g', 0, 4, NULL),
(447, 71, 79, '1.000', 'pc', 1, 1, 'You can you how many spaghetti you want, depends on how many people will eat that.'),
(448, 71, 10, '0.250', 'l', 1, 2, 'Depends on your taste, but it is important to have some ketchup.'),
(449, 71, 62, '30.000', 'g', 0, 3, 'Cheese is not really necessary, but I recommend you some.'),
(450, 72, 4, '0.300', 'l', 1, 1, NULL),
(451, 72, 16, '1.000', 'g', 1, 2, NULL),
(452, 72, 3, '24.000', 'g', 1, 3, NULL),
(453, 72, 163, '300.000', 'g', 1, 4, NULL),
(454, 72, 36, '13.000', 'g', 1, 5, NULL),
(455, 72, 28, '1.000', 'pc', 1, 6, NULL),
(456, 72, 25, '2.000', 'pc', 1, 7, NULL),
(457, 72, 164, '2.000', 'pc', 0, 8, NULL),
(458, 72, 165, '0.010', 'l', 0, 9, NULL),
(459, 72, 148, '0.020', 'g', 0, 10, NULL),
(460, 73, 16, '1.000', 'g', 1, 1, NULL),
(461, 73, 166, '300.000', 'g', 1, 2, NULL),
(462, 73, 25, '2.000', 'pc', 1, 3, NULL),
(463, 73, 167, '0.030', 'l', 1, 4, NULL),
(464, 73, 4, '0.500', 'l', 1, 5, NULL),
(465, 73, 154, '0.080', 'g', 1, 6, NULL),
(495, 78, 27, '250.000', 'g', 1, 1, NULL),
(496, 78, 36, '28.000', 'g', 1, 2, NULL),
(497, 78, 3, '50.000', 'g', 1, 3, NULL),
(498, 78, 16, '0.400', 'g', 1, 4, NULL),
(499, 78, 28, '50.000', 'g', 1, 5, 'Cold, cubed.'),
(500, 78, 4, '0.150', 'l', 1, 6, NULL),
(501, 79, 75, '200.000', 'g', 1, 1, 'Your choice of shape.'),
(502, 79, 173, '300.000', 'g', 1, 2, 'E.g., bell peppers, zucchini, carrots, sliced.'),
(503, 79, 63, '0.030', 'l', 1, 3, NULL),
(504, 79, 80, '50.000', 'g', 1, 4, 'Grated.'),
(505, 79, 16, '6.000', 'g', 1, 5, NULL),
(506, 79, 33, '6.000', 'g', 1, 6, NULL),
(513, 81, 171, '2.000', 'pc', 1, 1, NULL),
(514, 81, 63, '0.030', 'l', 1, 2, 'For marinating and grilling.'),
(515, 81, 7, '0.015', 'l', 1, 3, NULL),
(516, 81, 16, '6.000', 'g', 1, 4, NULL),
(517, 81, 33, '6.000', 'g', 1, 5, NULL),
(518, 81, 172, '500.000', 'g', 1, 6, 'Assorted for grilling, such as bell peppers, zucchini, and asparagus.'),
(519, 82, 43, '500.000', 'g', 1, 1, 'Peeled and chopped.'),
(520, 82, 6, '1.000', 'pc', 1, 2, 'Finely chopped.'),
(521, 82, 20, '2.000', 'pc', 1, 3, 'Minced.'),
(522, 82, 169, '1.000', 'l', 1, 4, NULL),
(523, 82, 14, '0.100', 'l', 1, 5, 'Optional, for creaminess.'),
(524, 82, 16, '6.000', 'g', 1, 6, NULL),
(525, 82, 33, '6.000', 'g', 1, 7, NULL),
(526, 82, 47, '3.000', 'g', 1, 8, 'Grated.'),
(527, 82, 170, '14.000', 'g', 0, 9, 'For garnish.'),
(528, 83, 174, '200.000', 'g', 1, 1, 'Firm tofu, crumbled as a substitute for scrambled eggs.'),
(529, 83, 175, '100.000', 'g', 1, 2, NULL),
(530, 83, 131, '1.000', 'pc', 1, 3, NULL),
(531, 83, 6, '1.000', 'pc', 1, 4, NULL),
(532, 83, 176, '14.000', 'g', 0, 5, NULL),
(533, 83, 16, '7.000', 'g', 0, 6, '7 g is regular amount, can be adjusted for prefered taste.'),
(534, 83, 33, '3.500', 'g', 0, 7, '3.4 g is regular amount, can be adjusted for prefered taste.'),
(535, 83, 63, '14.000', 'g', 1, 8, NULL),
(536, 84, 178, '500.000', 'g', 1, 1, NULL),
(537, 84, 179, '300.000', 'g', 1, 2, NULL),
(538, 84, 6, '1.000', 'pc', 1, 3, NULL),
(539, 84, 20, '2.000', 'pc', 0, 4, NULL),
(540, 84, 180, '0.240', 'l', 1, 5, NULL),
(541, 84, 97, '0.240', 'l', 1, 6, NULL),
(542, 84, 27, '28.000', 'g', 1, 7, NULL),
(543, 84, 28, '28.000', 'g', 1, 8, NULL),
(544, 84, 182, '300.000', 'g', 1, 9, 'substitute can be any kind of pasta'),
(545, 84, 16, '14.000', 'g', 0, 10, NULL),
(546, 84, 33, '7.000', 'g', 0, 11, NULL),
(547, 84, 184, '28.000', 'g', 0, 12, NULL),
(548, 85, 185, '200.000', 'g', 1, 1, NULL),
(549, 85, 28, '100.000', 'g', 1, 2, NULL),
(550, 85, 66, '0.200', 'l', 1, 3, NULL),
(551, 85, 90, '200.000', 'g', 1, 4, NULL),
(552, 85, 186, '4.000', 'pc', 1, 5, NULL),
(553, 86, 187, '300.000', 'g', 1, 1, 'can be used any kind of pasta'),
(554, 86, 28, '50.000', 'g', 1, 2, 'Butter, for sautéing.'),
(555, 86, 76, '300.000', 'g', 1, 3, 'Shrimp, peeled and deveined.'),
(556, 86, 20, '4.000', 'pc', 1, 4, 'Garlic, minced.'),
(557, 86, 94, '0.500', 'l', 1, 5, 'Chicken broth.'),
(558, 86, 189, '0.250', 'l', 1, 6, 'Heavy cream.'),
(559, 86, 190, '2.000', 'pc', 1, 7, 'Lemons, juiced.'),
(560, 86, 16, '14.000', 'g', 1, 8, 'Salt, to taste.'),
(561, 86, 33, '7.000', 'g', 1, 9, 'Black pepper, freshly ground, to taste.'),
(562, 86, 72, '3.000', 'pc', 0, 10, 'Fresh parsley, chopped, for garnish.'),
(569, 88, 76, '300.000', 'g', 1, 1, NULL),
(570, 88, 20, '4.000', 'pc', 1, 2, NULL),
(571, 88, 63, '0.030', 'l', 1, 3, NULL),
(572, 88, 77, '0.100', 'l', 1, 4, NULL),
(573, 88, 7, '0.002', 'l', 1, 5, NULL),
(574, 88, 6, '200.000', 'g', 1, 6, NULL),
(575, 88, 89, '10.000', 'g', 0, 7, NULL),
(576, 88, 80, '30.000', 'g', 0, 8, NULL),
(577, 89, 193, '4.000', 'pc', 1, 1, NULL),
(578, 89, 51, '1.000', 'pc', 1, 2, NULL),
(579, 89, 20, '3.000', 'pc', 1, 3, NULL),
(580, 89, 194, '10.000', 'g', 1, 4, NULL),
(581, 89, 63, '0.030', 'l', 1, 5, NULL),
(582, 90, 6, '1.000', 'pc', 1, 1, NULL),
(583, 90, 20, '3.000', 'pc', 1, 2, NULL),
(584, 90, 60, '800.000', 'g', 1, 3, NULL),
(585, 90, 45, '0.500', 'l', 1, 4, NULL),
(586, 90, 5, '15.000', 'g', 1, 5, NULL),
(587, 91, 131, '1500.000', 'g', 1, 1, NULL),
(588, 91, 6, '1.000', 'pc', 1, 2, NULL),
(589, 91, 20, '3.000', 'pc', 1, 3, NULL),
(590, 91, 26, '3.000', 'pc', 0, 4, NULL),
(591, 91, 169, '0.960', 'l', 1, 5, NULL),
(592, 91, 189, '0.120', 'l', 1, 6, NULL),
(593, 91, 63, '28.000', 'g', 1, 7, NULL),
(594, 91, 16, '14.000', 'g', 0, 8, NULL),
(595, 91, 33, '7.000', 'g', 0, 9, NULL),
(616, 98, 3, '3.000', 'g', 1, 1, NULL),
(617, 98, 196, '300.000', 'g', 0, 2, NULL),
(618, 98, 4, '0.400', 'l', 0, 3, NULL),
(619, 98, 197, '90.000', 'g', 0, 4, NULL),
(620, 98, 14, '0.250', 'l', 0, 5, '30% cream'),
(621, 98, 198, '2.000', 'g', 0, 6, NULL),
(622, 98, 199, '250.000', 'g', 0, 7, NULL),
(623, 99, 200, '500.000', 'g', 1, 1, NULL),
(624, 99, 27, '500.000', 'g', 1, 2, NULL),
(625, 99, 1, '0.250', 'l', 1, 3, 'warm'),
(626, 99, 167, '0.030', 'l', 1, 4, NULL),
(627, 99, 6, '3.000', 'pc', 1, 5, NULL),
(628, 99, 70, '2.000', 'pc', 1, 6, NULL),
(629, 99, 28, '20.000', 'g', 1, 7, NULL),
(630, 99, 41, '200.000', 'g', 1, 8, NULL),
(631, 99, 16, '5.000', 'g', 0, 9, NULL),
(632, 99, 33, '5.000', 'g', 0, 10, NULL),
(633, 99, 201, '5.000', 'g', 0, 11, NULL),
(634, 100, 27, '200.000', 'g', 1, 1, NULL),
(635, 100, 25, '8.000', 'pc', 1, 2, NULL),
(636, 100, 159, '0.010', 'l', 0, 3, NULL),
(637, 100, 3, '150.000', 'g', 1, 4, NULL),
(638, 101, 202, '1.000', 'pc', 1, 1, NULL),
(639, 101, 203, '1.000', 'pc', 1, 2, NULL),
(640, 101, 192, '250.000', 'g', 1, 3, NULL),
(641, 101, 204, '100.000', 'g', 1, 4, NULL),
(642, 101, 205, '0.500', 'pc', 1, 5, NULL),
(643, 101, 6, '1.000', 'pc', 1, 6, NULL),
(644, 101, 206, '1.000', 'pc', 1, 7, NULL),
(645, 101, 16, '5.000', 'g', 1, 8, NULL),
(646, 101, 63, '0.020', 'l', 1, 9, NULL),
(647, 101, 74, '9.000', 'g', 1, 10, NULL),
(648, 101, 7, '0.010', 'l', 1, 11, NULL),
(649, 102, 199, '10.000', 'pc', 1, 1, NULL),
(650, 102, 3, '14.000', 'g', 1, 2, NULL),
(651, 102, 1, '0.240', 'l', 1, 3, 'It must be cold '),
(652, 102, 53, '4.000', 'pc', 0, 4, NULL),
(653, 103, 25, '3.000', 'pc', 1, 1, NULL),
(654, 103, 3, '80.000', 'g', 1, 2, NULL),
(655, 103, 207, '500.000', 'g', 1, 3, NULL),
(656, 103, 208, '0.030', 'l', 1, 4, NULL),
(657, 103, 209, '200.000', 'g', 1, 5, NULL),
(658, 103, 210, '10.000', 'g', 1, 6, NULL),
(659, 103, 211, '50.000', 'g', 1, 7, NULL),
(660, 103, 212, '150.000', 'g', 1, 8, NULL),
(678, 106, 214, '0.200', 'l', 1, 1, NULL),
(679, 106, 215, '0.050', 'l', 1, 2, NULL),
(680, 106, 25, '3.000', 'pc', 1, 3, 'large eggs, yolks and whites separately'),
(681, 106, 216, '500.000', 'g', 1, 4, NULL),
(682, 106, 148, '60.000', 'g', 1, 5, '6 flat teaspoons'),
(683, 106, 155, '220.000', 'g', 0, 6, 'long biscuits'),
(684, 106, 149, '30.000', 'g', 1, 7, '3 flat teaspoons'),
(685, 105, 1, '0.300', 'l', 1, 1, NULL),
(686, 105, 150, '0.020', 'l', 1, 2, 'Bacordi'),
(687, 105, 3, '10.000', 'g', 1, 3, 'Brown'),
(688, 105, 115, '6.000', 'pc', 1, 4, NULL),
(689, 105, 53, '5.000', 'pc', 0, 5, NULL),
(690, 105, 213, '0.500', 'pc', 1, 6, NULL),
(703, 87, 59, '1.000', 'pc', 1, 1, NULL),
(704, 87, 16, '2.000', 'g', 1, 2, NULL),
(705, 87, 33, '1.000', 'g', 1, 3, NULL),
(706, 87, 63, '0.010', 'l', 1, 4, NULL),
(707, 87, 131, '4.000', 'pc', 0, 5, NULL),
(708, 87, 81, '2.000', 'pc', 1, 6, NULL),
(709, 55, 59, '1.000', 'pc', 1, 1, NULL),
(710, 55, 16, '0.500', 'g', 1, 2, NULL),
(711, 55, 33, '0.500', 'g', 1, 3, NULL),
(712, 55, 81, '1.000', 'pc', 0, 4, NULL),
(713, 74, 81, '2.000', 'pc', 1, 1, 'Preferably wholegrain or sourdough.'),
(714, 74, 59, '1.000', 'pc', 1, 2, 'Ripe.'),
(715, 74, 7, '0.200', 'l', 0, 3, NULL),
(716, 74, 25, '2.000', 'pc', 1, 4, NULL),
(717, 74, 159, '0.100', 'l', 1, 5, 'For poaching eggs.'),
(718, 74, 16, '0.400', 'g', 1, 6, NULL),
(719, 74, 33, '0.400', 'g', 1, 7, NULL),
(720, 74, 168, '0.400', 'g', 0, 8, 'Optional for garnishing.'),
(737, 15, 6, '1.000', 'pc', 1, 1, NULL),
(738, 15, 7, '0.020', 'l', 1, 2, NULL),
(739, 15, 8, '300.000', 'g', 1, 3, NULL),
(740, 15, 9, '0.300', 'pc', 1, 4, NULL),
(741, 15, 10, '0.060', 'l', 1, 5, NULL),
(742, 15, 28, '60.000', 'g', 1, 6, 'Fresh butter.'),
(743, 15, 217, '0.010', 'g', 1, 7, 'ground'),
(744, 15, 40, '1.000', 'pc', 1, 8, 'Fresh sage.'),
(745, 15, 15, '40.000', 'g', 1, 9, NULL),
(746, 15, 16, '0.010', 'g', 1, 10, NULL),
(747, 15, 25, '1.000', 'pc', 1, 11, 'Chicken egg.'),
(748, 38, 218, '200.000', 'g', 1, 1, NULL),
(749, 38, 159, '0.010', 'l', 1, 2, 'balsamic glaze'),
(750, 38, 219, '20.000', 'pc', 1, 3, 'leaves'),
(751, 38, 16, '2.000', 'g', 1, 4, NULL),
(752, 38, 33, '1.000', 'g', 1, 5, NULL),
(753, 38, 131, '4.000', 'pc', 0, 6, NULL),
(754, 38, 63, '0.030', 'l', 0, 7, NULL),
(755, 27, 79, '100.000', 'g', 1, 1, NULL),
(756, 27, 25, '2.000', 'pc', 1, 2, NULL),
(757, 27, 41, '100.000', 'g', 1, 3, NULL),
(758, 27, 80, '80.000', 'g', 1, 4, NULL),
(759, 27, 16, '5.000', 'g', 1, 5, NULL),
(760, 28, 81, '2.000', 'pc', 1, 1, NULL),
(761, 28, 50, '50.000', 'g', 1, 2, NULL),
(762, 28, 62, '25.000', 'g', 1, 3, NULL),
(763, 28, 28, '20.000', 'g', 1, 4, NULL),
(764, 28, 82, '2.000', 'pc', 0, 5, NULL),
(765, 48, 20, '3.000', 'pc', 1, 1, NULL),
(766, 48, 80, '50.000', 'g', 0, 2, NULL),
(767, 48, 30, '200.000', 'g', 0, 3, NULL),
(768, 48, 179, '30.000', 'pc', 0, 4, NULL),
(769, 14, 37, '4.000', 'pc', 1, 1, NULL),
(770, 14, 158, '0.030', 'l', 1, 2, 'A spoon is about 15 ml'),
(771, 14, 39, '0.010', 'l', 1, 3, 'A spoon is about 15 ml'),
(772, 14, 16, '10.000', 'g', 1, 4, NULL),
(773, 14, 33, '10.000', 'g', 1, 5, NULL),
(774, 14, 3, '10.000', 'g', 1, 6, NULL),
(775, 50, 90, '100.000', 'g', 1, 1, NULL),
(776, 50, 28, '50.000', 'g', 1, 2, NULL),
(777, 50, 3, '50.000', 'g', 1, 3, NULL),
(778, 50, 25, '2.000', 'pc', 1, 4, NULL),
(779, 50, 27, '30.000', 'g', 1, 5, NULL),
(780, 50, 55, '1.000', 'pc', 1, 6, NULL),
(781, 50, 7, '0.010', 'l', 0, 7, NULL),
(782, 20, 28, '113.000', 'g', 1, 1, NULL),
(783, 20, 54, '113.000', 'g', 1, 2, 'Semi-sweet or dark chocolate, chopped.'),
(784, 20, 25, '2.000', 'pc', 1, 3, NULL),
(785, 20, 3, '100.000', 'g', 1, 4, NULL),
(786, 20, 55, '3.000', 'g', 1, 5, NULL),
(787, 20, 27, '30.000', 'g', 1, 6, 'any will do'),
(788, 20, 16, '3.000', 'g', 1, 7, NULL),
(789, 20, 3, '15.000', 'g', 1, 8, 'For dusting'),
(790, 32, 90, '200.000', 'g', 1, 1, NULL),
(791, 32, 66, '0.300', 'l', 1, 2, NULL),
(792, 32, 25, '3.000', 'pc', 1, 3, NULL),
(793, 32, 92, '100.000', 'g', 0, 4, NULL),
(794, 32, 220, '70.000', 'g', 0, 5, NULL),
(795, 45, 25, '4.000', 'pc', 1, 1, NULL),
(796, 45, 28, '10.000', 'g', 1, 2, NULL),
(797, 45, 16, '10.000', 'g', 1, 3, NULL),
(798, 45, 33, '10.000', 'g', 1, 4, NULL),
(799, 45, 81, '2.000', 'pc', 0, 5, NULL),
(805, 31, 25, '2.000', 'pc', 1, 1, 'preferably 2 large eggs'),
(806, 31, 41, '4.000', 'pc', 1, 2, '4 pieces or 120 grams of bacon.'),
(807, 31, 72, '25.000', 'g', 0, 3, 'chopped and fresh parsley.'),
(808, 31, 16, '0.500', 'g', 0, 4, 'for the flavor'),
(809, 31, 33, '0.500', 'g', 0, 5, 'for the flavor'),
(810, 93, 1, '0.250', 'l', 1, 1, NULL),
(811, 93, 16, '8.000', 'g', 1, 2, NULL);

-- --------------------------------------------------------

--
-- Struktura tabulky `recipe_has_tolerance`
--

CREATE TABLE IF NOT EXISTS `recipe_has_tolerance` (
  `recipe_id` smallint unsigned NOT NULL,
  `tolerance_id` tinyint unsigned NOT NULL,
  PRIMARY KEY (`tolerance_id`,`recipe_id`),
  KEY `fk_recipe_has_tolerance_recipe1_idx` (`recipe_id`) /*!80000 INVISIBLE */
) ENGINE=InnoDB DEFAULT CHARSET=utf8mb4 COLLATE=utf8mb4_general_ci;

--
-- Vypisuji data pro tabulku `recipe_has_tolerance`
--

INSERT INTO `recipe_has_tolerance` (`recipe_id`, `tolerance_id`) VALUES
(8, 1),
(10, 1),
(12, 1),
(13, 1),
(21, 1),
(29, 1),
(33, 1),
(34, 1),
(35, 1),
(38, 1),
(39, 1),
(40, 1),
(42, 1),
(45, 1),
(49, 1),
(50, 1),
(52, 1),
(53, 1),
(61, 1),
(63, 1),
(65, 1),
(70, 1),
(72, 1),
(73, 1),
(74, 1),
(78, 1),
(79, 1),
(82, 1),
(83, 1),
(98, 1),
(100, 1),
(101, 1),
(102, 1),
(106, 1),
(16, 2),
(19, 2),
(22, 2),
(32, 2),
(52, 2),
(55, 2),
(56, 2),
(57, 2),
(58, 2),
(59, 2),
(62, 2),
(64, 2),
(69, 2),
(83, 2),
(87, 2),
(102, 2),
(17, 3),
(18, 3),
(20, 3),
(26, 3),
(30, 3),
(36, 3),
(65, 3),
(73, 3),
(88, 3),
(90, 3),
(91, 3),
(102, 3),
(9, 4),
(13, 4),
(23, 4),
(27, 4),
(28, 4),
(48, 4),
(52, 4),
(55, 4),
(56, 4),
(57, 4),
(58, 4),
(59, 4),
(89, 4),
(99, 4),
(100, 4),
(102, 4),
(9, 5),
(10, 5),
(23, 5),
(25, 5),
(27, 5),
(28, 5),
(34, 5),
(37, 5),
(38, 5),
(47, 5),
(55, 5),
(56, 5),
(57, 5),
(58, 5),
(59, 5),
(66, 5),
(71, 5),
(72, 5),
(78, 5),
(98, 5),
(99, 5),
(102, 5),
(106, 5),
(39, 6),
(40, 6),
(54, 6),
(81, 6),
(65, 7),
(72, 7),
(73, 7),
(103, 7),
(105, 7),
(106, 7),
(15, 8),
(26, 8),
(30, 8),
(51, 8),
(54, 8),
(86, 8),
(88, 8),
(93, 8),
(48, 9),
(57, 9),
(84, 9);

--
-- Omezení pro exportované tabulky
--

--
-- Omezení pro tabulku `recipe_has_category`
--
ALTER TABLE `recipe_has_category`
  ADD CONSTRAINT `fk_recipe_has_recipe_category_recipe1` FOREIGN KEY (`recipe_id`) REFERENCES `recipe` (`id`) ON DELETE CASCADE ON UPDATE CASCADE;

--
-- Omezení pro tabulku `recipe_has_dish_category`
--
ALTER TABLE `recipe_has_dish_category`
  ADD CONSTRAINT `fk_recipe_has_dish_category_recipe1` FOREIGN KEY (`recipe_id`) REFERENCES `recipe` (`id`) ON DELETE CASCADE ON UPDATE CASCADE;

--
-- Omezení pro tabulku `recipe_has_ingredient`
--
ALTER TABLE `recipe_has_ingredient`
  ADD CONSTRAINT `fk_recipe_has_ingredient_ingredient1` FOREIGN KEY (`ingredient_id`) REFERENCES `ingredient` (`id`),
  ADD CONSTRAINT `fk_recipe_has_ingredient_recipe` FOREIGN KEY (`recipe_id`) REFERENCES `recipe` (`id`) ON DELETE CASCADE ON UPDATE CASCADE;

--
-- Omezení pro tabulku `recipe_has_tolerance`
--
ALTER TABLE `recipe_has_tolerance`
  ADD CONSTRAINT `fk_recipe_has_tolerance_recipe1` FOREIGN KEY (`recipe_id`) REFERENCES `recipe` (`id`) ON DELETE CASCADE ON UPDATE CASCADE;

/*!40101 SET CHARACTER_SET_CLIENT=@OLD_CHARACTER_SET_CLIENT */;
/*!40101 SET CHARACTER_SET_RESULTS=@OLD_CHARACTER_SET_RESULTS */;
/*!40101 SET COLLATION_CONNECTION=@OLD_COLLATION_CONNECTION */;
